{
  "roc_auc": 0.7444037638402491,
  "recall_before": 0.66,
  "recall_after": 0.7043303121852971
}