{
  "best_threshold": 0.5042910575866699,
  "recall_at_threshold": 0.7001007049345418,
  "precision_at_threshold": 0.1542557912487796
}