{
  "roc_auc": 0.7577752784116143,
  "scale_pos_weight": 11.38710976837865
}