{
  "dataset": "Home Credit (application_train.csv)",
  "total_records": 307511,
  "features_used": 70,
  "engineered_features": 10,
  "baseline_lr_roc_auc": 0.7346391417199395,
  "xgboost_roc_auc": 0.7577752784116143,
  "xgboost_smote_roc_auc": 0.7444037638402491,
  "default_recall_before_smote": 0.66,
  "default_recall_after_smote": 0.7043303121852971,
  "best_threshold": 0.5042910575866699,
  "top_5_features": [
    "ext_source_mean",
    "AMT_REQ_CREDIT_BUREAU_YEAR",
    "AMT_GOODS_PRICE",
    "annuity_to_credit",
    "ext_source_min"
  ],
  "default_rate": 0.08072776937710356,
  "recommended_threshold": 0.52,
  "approval_rate": 0.6543095458758109,
  "npa_reduction_pct": 67.5730110775428,
  "tier_summary": [
    {
      "tier": "Low Risk",
      "count": 417,
      "percentage": 0.6780157065508999,
      "default_rate": 0.009592326139088728,
      "avg_prob": 0.03621525689959526
    },
    {
      "tier": "Medium Risk",
      "count": 5251,
      "percentage": 8.53779490431361,
      "default_rate": 0.013140354218244143,
      "avg_prob": 0.10953044146299362
    },
    {
      "tier": "High Risk",
      "count": 55835,
      "percentage": 90.78418938913549,
      "default_rate": 0.08761529506581893,
      "avg_prob": 0.46443840861320496
    }
  ]
}